,gender,first_name,last_name
0,female,Eunice,Hallman
1,female,Monica,Mcauley
2,male,Frank,Brown
3,female,Deborah,Walker
4,female,Karen,Wilson
5,female,In,Ham
6,male,Christopher,Ebbs
7,male,Guy,James
8,female,Faith,Maxwell
9,male,Thomas,Schulte
10,male,Daniel,Abbott
11,male,Byron,Fenn
12,male,William,Archey
13,male,Peter,Pierce
14,male,Shane,Mosley
15,female,Doris,Baseler
16,male,Thomas,Bila
17,female,Denise,Barbieri
18,male,Esteban,West
19,female,Joan,Crossan
20,female,Jacqueline,Culliton
21,female,Patsy,Wells
22,male,Richard,Lockett
23,male,James,Bowden
24,male,Keith,Brown
25,male,David,Sclavi
26,female,Ellen,Smtih
27,female,Lisa,Dalton
28,male,Esteban,White
29,female,Rebecca,Alward
30,male,Corey,Toth
31,female,Elizabeth,Gaitan
32,female,Lillian,Upshaw
33,female,Lena,Harmon
34,male,William,Tefft
35,female,Elisa,Hamm
36,female,Roberta,Young
37,male,Marcus,Huffman
38,male,Robert,Ingram
39,male,Patrick,Burgener
40,female,Carolyn,Johnston
41,male,Scott,Wilcox
42,male,Perry,Mcdonald
43,female,Mindy,Allen
44,male,Jeffrey,Benz
45,male,Donald,Bell
46,male,Brian,Wilcox
47,male,Eric,Otero
48,female,Margaret,Matchette
49,female,Kelly,Smith
50,female,Karen,Johnson
51,female,Rhonda,Dona
52,male,Paul,Anderson
53,male,Steven,Lofquist
54,female,Ellen,Hudson
55,female,Brigitte,Boren
56,male,Matthew,Sanders
57,male,Clifford,Richardson
58,male,Arnold,Jones
59,female,Lorenza,Zeigler
60,male,Joey,Robinette
61,female,Catherine,Garst
62,male,Cordell,Price
63,female,Ella,Barr
64,female,Betty,Berry
65,male,Daniel,Trevino
66,female,Mildred,Elwell
67,female,Josephine,Mascia
68,male,James,Underwood
69,female,Pauline,Boyd
70,female,Maureen,Nelson
71,female,Rosa,Dunn
72,female,Maria,Falck
73,female,Kathleen,Venezia
74,female,Jayne,Cramer
75,male,Mark,Allison
76,female,Anna,Hall
77,male,Eduardo,Arnot
78,male,Dan,Milla
79,male,Ramon,Obrien
80,female,Mamie,Perry
81,male,David,Tucker
82,male,Patrick,Hinckley
83,female,Pamela,Johnson
84,male,Micheal,Abel
85,male,Steve,Sanders
86,female,Nancy,Vargas
87,male,James,Cortez
88,male,Eric,Littler
89,female,Tami,Mceachin
90,male,William,Kloc
91,male,George,Abraham
92,female,Catherine,Mascorro
93,male,William,Cantara
94,female,Suzanne,Beckley
95,male,John,Green
96,male,Charles,Gamboa
97,female,Gladys,Wild
98,male,Dudley,Kemp
99,male,Reginald,Simone
